﻿pos_x,pos_y,rotation,side,designator,mpn,pack,footprint,value,mount_type
110.6,-64.7625,-90.0,top,C2,,,C_1206_3216Metric_Pad1.33x1.80mm_HandSolder,0.1U,smt
133.6375,-65.8,0.0,top,C3,,,C_1206_3216Metric_Pad1.33x1.80mm_HandSolder,0.1U,smt
134.4375,-61.8,0.0,top,C4,,,C_1206_3216Metric_Pad1.33x1.80mm_HandSolder,10U,smt
120.4,-65.0875,90.0,top,D2,,,LED_1206_3216Metric_Pad1.42x1.75mm_HandSolder,LED,smt
124.0,-65.0875,90.0,top,D3,,,LED_1206_3216Metric_Pad1.42x1.75mm_HandSolder,LED,smt
103.2,-61.2,-90.0,top,J1,,,USB_C_Receptacle_GCT_USB4135-GF-A_6P_TopMnt_Horizontal,USB_C_Receptacle_PowerOnly_6P,smt
139.425,-55.8,0.0,top,J2,,,PinHeader_1x01_P1.00mm_Horizontal,OUT +,tht
139.425,-66.2,0.0,top,J5,,,PinHeader_1x01_P1.00mm_Horizontal,OUT -,tht
128.545,-65.35,0.0,top,Q1,,Package,SOT95P280X145-6N,FS8205,smt
119.2,-60.4,0.0,top,R1,,,R_1206_3216Metric,1K,smt
123.6,-59.7375,-90.0,top,R3,,,R_1206_3216Metric,1K,smt
115.6,-65.0625,-90.0,top,R4,,,R_1206_3216Metric,1.2K,smt
133.1375,-57.6,0.0,top,R5,,,R_1206_3216Metric,100,smt
119.1375,-56.8,0.0,top,R6,,,R_1206_3216Metric,1K,smt
128.2625,-59.35,0.0,top,U1,,,SOT-23-6,DW01A,smt
112.58385,-58.974999,0.0,top,U3,,,TP4056-42-ESOP8_TPW,TP4056-42-ESOP8,smt
