﻿Designator,Quantity,Value,Footprint,Package,MPN,DNP,Mount_Type,Description,MF,MAXIMUM_PACKAGE_HEIGHT,Price,Check_prices,STANDARD,PARTREV,SnapEDA_Link,MP,Description_1,Availability,MANUFACTURER
"C2, C3",2,0.1U,C_1206_3216Metric_Pad1.33x1.80mm_HandSolder,,,,smt,Unpolarized capacitor,,,,,,,,,,,
C4,1,10U,C_1206_3216Metric_Pad1.33x1.80mm_HandSolder,,,,smt,Unpolarized capacitor,,,,,,,,,,,
"D2, D3",2,LED,LED_1206_3216Metric_Pad1.42x1.75mm_HandSolder,,,,smt,Light emitting diode,,,,,,,,,,,
J1,1,USB_C_Receptacle_PowerOnly_6P,USB_C_Receptacle_GCT_USB4135-GF-A_6P_TopMnt_Horizontal,,,,smt,USB Power-Only 6P Type-C Receptacle connector,,,,,,,,,,,
J2,1,OUT +,PinHeader_1x01_P1.00mm_Horizontal,,,,tht,"Generic connector, single row, 01x01, script generated (kicad-library-utils/schlib/autogen/connector/)",,,,,,,,,,,
J5,1,OUT -,PinHeader_1x01_P1.00mm_Horizontal,,,,tht,"Generic connector, single row, 01x01, script generated (kicad-library-utils/schlib/autogen/connector/)",,,,,,,,,,,
Q1,1,FS8205,SOT95P280X145-6N,Package,,,smt,,Fortune Semiconductor,1.45mm,None,https://www.snapeda.com/parts/FS8205/Fortune+Semiconductor/view-part/?ref=eda,IPC-7351B,1.9,https://www.snapeda.com/parts/FS8205/Fortune+Semiconductor/view-part/?ref=snap,FS8205,"
                        
                            Dual N-Channel Enhancement Mode Power MOSFET
                        
",In Stock,Fortune
"R1, R3, R6",3,1K,R_1206_3216Metric,,,,smt,Resistor,,,,,,,,,,,
R4,1,1.2K,R_1206_3216Metric,,,,smt,Resistor,,,,,,,,,,,
R5,1,100,R_1206_3216Metric,,,,smt,Resistor,,,,,,,,,,,
TP1,1,BATTERY -,TestPoint_Pad_1.0x1.0mm,,,,tht,test point,,,,,,,,,,,
TP2,1,BATTERY +,TestPoint_Pad_1.0x1.0mm,,,,tht,test point,,,,,,,,,,,
TP3,1,OUT +,TestPoint_Pad_1.0x1.0mm,,,,tht,test point,,,,,,,,,,,
U1,1,DW01A,SOT-23-6,,,,smt,"Overcharge, overcurrent and overdischarge protection IC for single cell lithium-ion/polymer battery",,,,,,,,,,,
U3,1,TP4056-42-ESOP8,TP4056-42-ESOP8_TPW,,,,smt,,,,,,,,,,,,
